CLOSE_DEF_PERSON_ID, PLAYER_NAME, PLAYER_LAST_TEAM_ID, PLAYER_LAST_TEAM_ABBREVIATION, PLAYER_POSITION, AGE, GP, G, FREQ, D_FGM, D_FGA, D_FG_PCT, PCT_PLUSMINUS
202326, DeMarcus Cousins, 1610612740, NOP, C, 27.0, 48, 48, 1.0, 8.0, 16.69, 0.479, 0.0
203076, Anthony Davis, 1610612740, NOP, F-C, 25.0, 75, 75, 1.0, 6.52, 16.45, 0.396, -0.072
1626157, Karl-Anthony Towns, 1610612750, MIN, C, 22.0, 82, 82, 1.0, 7.79, 15.74, 0.495, 0.017
201950, Jrue Holiday, 1610612740, NOP, G, 28.0, 80, 80, 1.0, 6.08, 14.24, 0.427, -0.024
200794, Paul Millsap, 1610612743, DEN, F, 33.0, 37, 37, 1.0, 6.11, 14.19, 0.43, -0.04
203110, Draymond Green, 1610612744, GSW, F, 28.0, 70, 70, 1.0, 6.04, 14.1, 0.429, -0.035
202699, Tobias Harris, 1610612746, LAC, F, 25.0, 80, 80, 1.0, 6.69, 14.1, 0.474, 0.01
201933, Blake Griffin, 1610612765, DET, F, 29.0, 58, 58, 1.0, 6.22, 14.07, 0.442, -0.023
1626167, Myles Turner, 1610612754, IND, C, 22.0, 65, 65, 1.0, 6.69, 13.85, 0.483, 0.001
202689, Kemba Walker, 1610612766, CHA, G, 28.0, 80, 80, 1.0, 5.9, 13.58, 0.435, -0.011
200746, LaMarcus Aldridge, 1610612759, SAS, F, 32.0, 74, 74, 1.0, 5.91, 13.49, 0.438, -0.035
201959, Taj Gibson, 1610612750, MIN, F, 33.0, 82, 82, 1.0, 5.93, 12.74, 0.465, -0.002
201152, Thaddeus Young, 1610612754, IND, F, 30.0, 81, 81, 1.0, 5.84, 12.73, 0.459, -0.008
203083, Andre Drummond, 1610612765, DET, C, 24.0, 78, 78, 1.0, 6.17, 12.63, 0.488, -0.002
201935, James Harden, 1610612745, HOU, G, 28.0, 72, 72, 1.0, 5.71, 12.33, 0.463, 0.005
202331, Paul George, 1610612760, OKC, F, 28.0, 78, 78, 1.0, 6.05, 12.27, 0.493, 0.03
201142, Kevin Durant, 1610612744, GSW, F, 29.0, 67, 67, 1.0, 5.09, 12.09, 0.421, -0.036
201599, DeAndre Jordan, 1610612746, LAC, C, 29.0, 77, 77, 1.0, 5.55, 12.05, 0.46, -0.022
202324, Derrick Favors, 1610612762, UTA, F-C, 26.0, 77, 77, 1.0, 5.29, 12.0, 0.44, -0.033
201572, Brook Lopez, 1610612747, LAL, C, 30.0, 72, 72, 1.0, 5.49, 11.99, 0.458, -0.02
201567, Kevin Love, 1610612739, CLE, C-F, 29.0, 59, 59, 1.0, 6.34, 11.98, 0.529, 0.053
201577, Robin Lopez, 1610612741, CHI, C, 30.0, 64, 64, 1.0, 5.78, 11.89, 0.486, -0.001
203089, John Henson, 1610612749, MIL, C, 27.0, 75, 75, 1.0, 5.68, 11.88, 0.478, 0.002
203496, Robert Covington, 1610612755, PHI, F, 27.0, 78, 78, 1.0, 5.42, 11.78, 0.46, 0.004
202329, Al-Farouq Aminu, 1610612757, POR, F, 27.0, 68, 68, 1.0, 5.24, 11.66, 0.449, -0.024
203078, Bradley Beal, 1610612764, WAS, G, 25.0, 82, 82, 1.0, 5.23, 11.57, 0.452, 0.005
1628366, Lonzo Ball, 1610612747, LAL, G, 20.0, 50, 50, 1.0, 4.8, 11.46, 0.419, -0.033
203944, Julius Randle, 1610612747, LAL, F-C, 23.0, 81, 81, 1.0, 5.3, 11.4, 0.465, -0.004
201960, DeMarre Carroll, 1610612751, BKN, F, 31.0, 71, 71, 1.0, 5.38, 11.32, 0.475, 0.009
2730, Dwight Howard, 1610612766, CHA, C, 32.0, 80, 80, 1.0, 5.43, 11.29, 0.481, -0.004
1626196, Josh Richardson, 1610612748, MIA, F, 24.0, 79, 79, 1.0, 4.68, 11.27, 0.416, -0.033
203506, Victor Oladipo, 1610612754, IND, G, 26.0, 75, 75, 1.0, 5.05, 11.24, 0.45, 0.0
203932, Aaron Gordon, 1610612753, ORL, F, 22.0, 58, 58, 1.0, 4.79, 11.09, 0.432, -0.033
203468, CJ McCollum, 1610612757, POR, G, 26.0, 80, 80, 1.0, 4.86, 11.09, 0.439, -0.009
2544, LeBron James, 1610612739, CLE, F-G, 33.0, 82, 82, 1.0, 4.94, 11.05, 0.447, -0.012
2546, Carmelo Anthony, 1610612760, OKC, F, 34.0, 76, 76, 1.0, 5.24, 11.03, 0.475, 0.009
201980, Danny Green, 1610612759, SAS, G-F, 31.0, 70, 70, 1.0, 4.99, 10.97, 0.454, -0.006
1628381, John Collins, 1610612737, ATL, F-C, 20.0, 73, 73, 1.0, 5.01, 10.96, 0.458, -0.022
202322, John Wall, 1610612764, WAS, G, 27.0, 41, 41, 1.0, 4.49, 10.95, 0.41, -0.041
1627742, Brandon Ingram, 1610612747, LAL, F-G, 20.0, 57, 57, 1.0, 4.72, 10.93, 0.432, -0.023
1627739, Kris Dunn, 1610612741, CHI, G, 24.0, 52, 52, 1.0, 5.02, 10.92, 0.46, 0.01
1626178, Rondae Hollis-Jefferson, 1610612751, BKN, F, 23.0, 66, 66, 1.0, 5.27, 10.91, 0.483, 0.018
200768, Kyle Lowry, 1610612761, TOR, G, 32.0, 77, 77, 1.0, 4.7, 10.91, 0.431, -0.017
203200, Justin Holiday, 1610612741, CHI, G-F, 29.0, 72, 72, 1.0, 4.81, 10.9, 0.441, -0.013
1628398, Kyle Kuzma, 1610612747, LAL, F, 22.0, 75, 75, 1.0, 4.87, 10.87, 0.448, -0.011
203077, Michael Kidd-Gilchrist, 1610612766, CHA, F, 24.0, 74, 74, 1.0, 5.07, 10.85, 0.467, 0.006
1626164, Devin Booker, 1610612756, PHX, G, 21.0, 54, 54, 1.0, 4.93, 10.74, 0.459, 0.014
202710, Jimmy Butler, 1610612750, MIN, G, 28.0, 59, 59, 1.0, 4.73, 10.73, 0.441, -0.017
203460, Andre Roberson, 1610612760, OKC, G, 26.0, 37, 37, 1.0, 4.84, 10.73, 0.451, -0.005
202355, Hassan Whiteside, 1610612748, MIA, C, 29.0, 54, 54, 1.0, 5.02, 10.69, 0.47, -0.023
203501, Tim Hardaway Jr., 1610612752, NYK, F-G, 26.0, 57, 57, 1.0, 4.86, 10.67, 0.456, 0.001
1626161, Willie Cauley-Stein, 1610612758, SAC, C, 24.0, 73, 73, 1.0, 4.89, 10.66, 0.459, -0.02
203084, Harrison Barnes, 1610612742, DAL, F, 26.0, 77, 77, 1.0, 4.7, 10.65, 0.441, -0.02
203114, Khris Middleton, 1610612749, MIL, F, 26.0, 81, 81, 1.0, 4.98, 10.65, 0.467, 0.014
1627820, Tyrone Wallace, 1610612746, LAC, G, 24.0, 29, 29, 1.0, 4.9, 10.62, 0.461, 0.004
203079, Dion Waiters, 1610612748, MIA, G, 26.0, 29, 29, 1.0, 5.14, 10.62, 0.484, 0.03
203901, Elfrid Payton, 1610612756, PHX, G, 24.0, 63, 63, 1.0, 5.14, 10.6, 0.485, 0.034
201147, Corey Brewer, 1610612760, OKC, G-F, 32.0, 18, 18, 1.0, 4.78, 10.56, 0.453, 0.004
203473, Dewayne Dedmon, 1610612737, ATL, C, 28.0, 59, 59, 1.0, 4.71, 10.56, 0.446, -0.028
1628372, Dennis Smith Jr., 1610612742, DAL, G, 20.0, 69, 69, 1.0, 5.0, 10.55, 0.474, 0.022
202691, Klay Thompson, 1610612744, GSW, G, 28.0, 73, 73, 1.0, 4.66, 10.4, 0.448, -0.003
201976, Patrick Beverley, 1610612746, LAC, G, 29.0, 11, 11, 1.0, 5.18, 10.36, 0.5, 0.061
203081, Damian Lillard, 1610612757, POR, G, 27.0, 73, 73, 1.0, 4.29, 10.32, 0.416, -0.024
101108, Chris Paul, 1610612745, HOU, G, 33.0, 58, 58, 1.0, 4.88, 10.21, 0.478, 0.022
1628386, Jarrett Allen, 1610612751, BKN, C, 20.0, 70, 70, 1.0, 4.7, 10.16, 0.463, -0.021
204020, Tyler Johnson, 1610612748, MIA, G, 26.0, 70, 70, 1.0, 4.79, 10.14, 0.472, 0.022
202339, Eric Bledsoe, 1610612749, MIL, G, 28.0, 73, 73, 1.0, 4.52, 10.12, 0.447, -0.001
202693, Markieff Morris, 1610612764, WAS, F, 28.0, 73, 73, 1.0, 4.67, 10.1, 0.463, -0.006
2199, Tyson Chandler, 1610612756, PHX, C, 35.0, 46, 46, 1.0, 5.02, 10.09, 0.498, 0.008
1627752, Taurean Prince, 1610612737, ATL, F, 24.0, 81, 81, 1.0, 4.72, 9.99, 0.472, 0.01
1627737, Marquese Chriss, 1610612756, PHX, F, 20.0, 72, 72, 1.0, 4.65, 9.99, 0.466, -0.001
1628404, Josh Hart, 1610612747, LAL, G, 23.0, 62, 62, 1.0, 4.56, 9.98, 0.457, 0.004
201144, Mike Conley, 1610612763, MEM, G, 30.0, 12, 12, 1.0, 3.92, 9.92, 0.395, -0.047
202734, E'Twaun Moore, 1610612740, NOP, F-G, 29.0, 82, 82, 1.0, 4.89, 9.9, 0.494, 0.041
203085, Austin Rivers, 1610612746, LAC, G, 25.0, 61, 61, 1.0, 4.57, 9.82, 0.466, 0.012
1627747, Caris LeVert, 1610612751, BKN, G-F, 23.0, 68, 68, 1.0, 4.69, 9.74, 0.482, 0.03
201949, James Johnson, 1610612748, MIA, F, 31.0, 71, 71, 1.0, 4.39, 9.73, 0.452, -0.016
200782, PJ Tucker, 1610612745, HOU, F, 33.0, 82, 82, 1.0, 4.83, 9.71, 0.497, 0.04
1628378, Donovan Mitchell, 1610612762, UTA, G, 21.0, 79, 79, 1.0, 4.06, 9.68, 0.42, -0.033
1626163, Frank Kaminsky, 1610612766, CHA, F-C, 25.0, 78, 78, 1.0, 4.78, 9.62, 0.497, 0.04
1628368, De'Aaron Fox, 1610612758, SAC, G, 20.0, 73, 73, 1.0, 4.27, 9.58, 0.446, 0.008
201145, Jeff Green, 1610612739, CLE, F, 31.0, 78, 78, 1.0, 4.35, 9.54, 0.456, -0.004
2216, Zach Randolph, 1610612758, SAC, F, 36.0, 59, 59, 1.0, 5.24, 9.53, 0.55, 0.068
1627763, Malcolm Brogdon, 1610612749, MIL, G, 25.0, 47, 47, 1.0, 4.49, 9.53, 0.471, 0.025
1626159, Justise Winslow, 1610612748, MIA, F-G, 22.0, 67, 67, 1.0, 4.1, 9.52, 0.431, -0.023
203488, Mike Muscala, 1610612737, ATL, F-C, 26.0, 53, 53, 1.0, 4.42, 9.49, 0.465, -0.002
202328, Greg Monroe, 1610612738, BOS, C-F, 28.0, 50, 50, 1.0, 4.94, 9.48, 0.521, 0.046
201952, Jeff Teague, 1610612750, MIN, G, 30.0, 70, 70, 1.0, 4.44, 9.47, 0.469, 0.025
1626204, Larry Nance Jr., 1610612739, CLE, F, 25.0, 64, 64, 1.0, 4.56, 9.42, 0.484, 0.015
203490, Otto Porter Jr., 1610612764, WAS, F, 25.0, 76, 76, 1.0, 4.66, 9.42, 0.494, 0.038
1627759, Jaylen Brown, 1610612738, BOS, G-F, 21.0, 67, 67, 1.0, 3.72, 9.39, 0.396, -0.057
201163, Wilson Chandler, 1610612743, DEN, F, 31.0, 74, 74, 1.0, 4.0, 9.39, 0.426, -0.031
203486, Mason Plumlee, 1610612743, DEN, C-F, 28.0, 72, 72, 1.0, 4.24, 9.35, 0.453, -0.025
203092, Tyler Zeller, 1610612749, MIL, C, 28.0, 63, 63, 1.0, 4.59, 9.33, 0.491, 0.01
203115, Will Barton, 1610612743, DEN, F-G, 27.0, 80, 80, 1.0, 4.39, 9.28, 0.473, 0.024
203109, Jae Crowder, 1610612762, UTA, F, 27.0, 80, 80, 1.0, 4.35, 9.24, 0.471, 0.016
203484, Kentavious Caldwell-Pope, 1610612747, LAL, G, 25.0, 72, 72, 1.0, 4.49, 9.22, 0.486, 0.033
101107, Marvin Williams, 1610612766, CHA, F, 32.0, 78, 78, 1.0, 4.32, 9.19, 0.47, 0.002
1627756, Denzel Valentine, 1610612741, CHI, F, 24.0, 77, 77, 1.0, 4.36, 9.18, 0.475, 0.022
201583, Ryan Anderson, 1610612745, HOU, F, 30.0, 66, 66, 1.0, 4.08, 9.12, 0.447, -0.006
202738, Isaiah Thomas, 1610612747, LAL, G, 29.0, 31, 31, 1.0, 3.9, 9.1, 0.429, -0.025
1628021, David Nwaba, 1610612741, CHI, F, 25.0, 70, 70, 1.0, 4.54, 9.09, 0.5, 0.051
202397, Ish Smith, 1610612765, DET, G, 29.0, 81, 81, 1.0, 3.9, 9.09, 0.429, -0.018
203933, TJ Warren, 1610612756, PHX, F, 24.0, 64, 64, 1.0, 3.89, 9.02, 0.432, -0.022
202694, Marcus Morris, 1610612738, BOS, F, 28.0, 52, 52, 1.0, 4.19, 9.0, 0.466, 0.005
203104, Marquis Teague, 1610612763, MEM, G, 25.0, 3, 3, 1.0, 4.67, 9.0, 0.519, 0.073
202391, Jeremy Lin, 1610612751, BKN, G, 29.0, 1, 1, 1.0, 6.0, 9.0, 0.667, 0.207
203613, Jonathon Simmons, 1610612753, ORL, F, 28.0, 69, 69, 1.0, 4.23, 8.93, 0.474, 0.022
1626185, Jarell Martin, 1610612763, MEM, F, 24.0, 72, 72, 1.0, 3.92, 8.93, 0.439, -0.021
202340, Avery Bradley, 1610612746, LAC, G, 27.0, 46, 46, 1.0, 4.17, 8.91, 0.468, 0.013
203915, Spencer Dinwiddie, 1610612751, BKN, G, 25.0, 78, 78, 1.0, 3.95, 8.86, 0.446, -0.003
203145, Kent Bazemore, 1610612737, ATL, G, 28.0, 64, 64, 1.0, 4.25, 8.8, 0.483, 0.03
202704, Reggie Jackson, 1610612765, DET, G, 28.0, 45, 45, 1.0, 4.13, 8.8, 0.47, 0.016
203087, Jeremy Lamb, 1610612766, CHA, G, 26.0, 80, 80, 1.0, 3.84, 8.75, 0.439, 0.002
202083, Wesley Matthews, 1610612742, DAL, G-F, 31.0, 62, 62, 1.0, 3.81, 8.71, 0.437, -0.02
1627749, Dejounte Murray, 1610612759, SAS, G, 21.0, 78, 78, 1.0, 4.19, 8.71, 0.482, 0.026
203493, Reggie Bullock, 1610612765, DET, G-F, 27.0, 60, 60, 1.0, 3.98, 8.7, 0.458, 0.007
1626151, Aaron Harrison, 1610612742, DAL, G, 23.0, 9, 9, 1.0, 3.89, 8.67, 0.449, 0.016
203935, Marcus Smart, 1610612738, BOS, G, 24.0, 51, 51, 1.0, 3.59, 8.67, 0.414, -0.038
201229, Anthony Tolliver, 1610612765, DET, F, 33.0, 79, 79, 1.0, 3.59, 8.63, 0.416, -0.045
203210, JaMychal Green, 1610612763, MEM, F, 28.0, 55, 55, 1.0, 3.78, 8.6, 0.44, -0.029
1626149, Montrezl Harrell, 1610612746, LAC, F-C, 24.0, 74, 74, 1.0, 3.91, 8.55, 0.457, -0.01
1626168, Trey Lyles, 1610612743, DEN, F, 22.0, 67, 67, 1.0, 3.85, 8.55, 0.45, -0.01
202323, Evan Turner, 1610612757, POR, F-G, 29.0, 78, 78, 1.0, 3.72, 8.54, 0.435, -0.018
1627812, Yogi Ferrell, 1610612742, DAL, G, 25.0, 82, 82, 1.0, 4.2, 8.54, 0.491, 0.048
201939, Stephen Curry, 1610612744, GSW, G, 30.0, 51, 51, 1.0, 4.02, 8.51, 0.472, 0.027
201588, George Hill, 1610612739, CLE, G, 32.0, 67, 67, 1.0, 3.87, 8.51, 0.454, 0.005
203082, Terrence Ross, 1610612753, ORL, G-F, 27.0, 24, 24, 1.0, 3.58, 8.5, 0.422, -0.027
201584, Courtney Lee, 1610612752, NYK, G, 32.0, 75, 75, 1.0, 3.87, 8.45, 0.457, 0.005
203459, Allen Crabbe, 1610612751, BKN, G-F, 26.0, 73, 73, 1.0, 3.59, 8.44, 0.425, -0.024
1628371, Jonathan Isaac, 1610612753, ORL, F, 20.0, 27, 27, 1.0, 3.93, 8.44, 0.465, 0.003
203953, Jabari Parker, 1610612749, MIL, F, 23.0, 31, 31, 1.0, 3.9, 8.42, 0.464, 0.003
201936, Tyreke Evans, 1610612763, MEM, G-F, 28.0, 52, 52, 1.0, 3.56, 8.38, 0.424, -0.026
101150, Lou Williams, 1610612746, LAC, G, 31.0, 79, 79, 1.0, 3.72, 8.35, 0.445, 0.0
203914, Gary Harris, 1610612743, DEN, G, 23.0, 66, 66, 1.0, 3.74, 8.35, 0.448, -0.005
201563, Michael Beasley, 1610612752, NYK, F, 29.0, 71, 71, 1.0, 3.97, 8.32, 0.477, 0.014
203124, Kyle O'Quinn, 1610612752, NYK, C-F, 28.0, 76, 76, 1.0, 3.76, 8.26, 0.455, -0.025
1626162, Kelly Oubre Jr., 1610612764, WAS, F, 22.0, 81, 81, 1.0, 4.0, 8.25, 0.485, 0.036
203503, Tony Snell, 1610612749, MIL, G, 26.0, 73, 73, 1.0, 3.99, 8.25, 0.483, 0.034
203925, Joe Harris, 1610612751, BKN, F-G, 26.0, 77, 77, 1.0, 3.61, 8.23, 0.438, -0.007
101127, Jarrett Jack, 1610612752, NYK, G, 34.0, 61, 61, 1.0, 3.87, 8.23, 0.47, 0.024
201967, Dante Cunningham, 1610612751, BKN, F, 31.0, 73, 73, 1.0, 4.23, 8.22, 0.515, 0.05
202325, Wesley Johnson, 1610612746, LAC, F-G, 30.0, 72, 72, 1.0, 3.89, 8.21, 0.474, 0.012
1628369, Jayson Tatum, 1610612738, BOS, F, 20.0, 77, 77, 1.0, 3.55, 8.16, 0.435, -0.019
201566, Russell Westbrook, 1610612760, OKC, G, 29.0, 78, 78, 1.0, 3.65, 8.15, 0.448, -0.01
1628367, Josh Jackson, 1610612756, PHX, G-F, 21.0, 77, 77, 1.0, 3.87, 8.14, 0.475, 0.026
1627814, Damion Lee, 1610612737, ATL, G, 25.0, 15, 15, 1.0, 3.4, 8.13, 0.418, -0.031
200752, Rudy Gay, 1610612759, SAS, F, 31.0, 57, 57, 1.0, 3.46, 8.11, 0.426, -0.026
202334, Ed Davis, 1610612757, POR, F-C, 29.0, 77, 77, 1.0, 3.88, 8.09, 0.48, -0.002
2747, JR Smith, 1610612739, CLE, G-F, 32.0, 80, 80, 1.0, 3.83, 8.08, 0.474, 0.021
203937, Kyle Anderson, 1610612759, SAS, F, 24.0, 74, 74, 1.0, 3.86, 8.07, 0.479, 0.015
1626169, Stanley Johnson, 1610612765, DET, F, 22.0, 69, 69, 1.0, 3.64, 8.04, 0.452, -0.01
2772, Trevor Ariza, 1610612745, HOU, F-G, 33.0, 66, 66, 1.0, 3.77, 8.03, 0.47, 0.01
203121, Darius Miller, 1610612740, NOP, F, 28.0, 80, 80, 1.0, 3.55, 8.01, 0.443, -0.009
1628397, Ivan Rabb, 1610612763, MEM, F, 21.0, 30, 30, 1.0, 4.13, 8.0, 0.517, 0.052
2731, Emeka Okafor, 1610612740, NOP, C, 35.0, 26, 26, 1.0, 3.81, 8.0, 0.476, -0.013
203966, Jamil Wilson, 1610612746, LAC, F, 27.0, 14, 14, 1.0, 3.5, 8.0, 0.438, -0.015
201281, Andre Ingram, 1610612747, LAL, G, 32.0, 2, 2, 1.0, 3.5, 8.0, 0.438, -0.021
202066, Garrett Temple, 1610612758, SAC, F-G, 32.0, 65, 65, 1.0, 3.6, 8.0, 0.45, 0.001
1628395, Jordan Bell, 1610612744, GSW, C-F, 23.0, 57, 57, 1.0, 3.74, 7.91, 0.472, 0.012
201573, Jerryd Bayless, 1610612755, PHI, G, 29.0, 38, 38, 1.0, 3.47, 7.87, 0.441, -0.007
202705, MarShon Brooks, 1610612763, MEM, G-F, 29.0, 7, 7, 1.0, 3.57, 7.86, 0.455, 0.016
2594, Kyle Korver, 1610612739, CLE, G, 37.0, 73, 73, 1.0, 3.56, 7.86, 0.453, 0.008
203457, Nerlens Noel, 1610612742, DAL, C, 24.0, 27, 27, 1.0, 3.78, 7.85, 0.481, 0.004
200755, JJ Redick, 1610612755, PHI, G-F, 34.0, 69, 69, 1.0, 3.48, 7.84, 0.444, -0.007
201954, Darren Collison, 1610612754, IND, G, 30.0, 69, 69, 1.0, 3.45, 7.8, 0.442, -0.001
1626150, Andrew Harrison, 1610612763, MEM, G, 23.0, 56, 56, 1.0, 3.41, 7.79, 0.438, -0.005
1626172, Kevon Looney, 1610612744, GSW, F, 22.0, 62, 62, 1.0, 3.16, 7.69, 0.411, -0.05
1626171, Bobby Portis, 1610612741, CHI, F, 23.0, 73, 73, 1.0, 3.82, 7.68, 0.497, 0.029
1626179, Terry Rozier, 1610612738, BOS, G, 24.0, 77, 77, 1.0, 3.21, 7.65, 0.419, -0.025
2548, Dwyane Wade, 1610612748, MIA, G, 36.0, 67, 67, 1.0, 3.16, 7.63, 0.415, -0.036
203101, Miles Plumlee, 1610612737, ATL, C-F, 29.0, 55, 55, 1.0, 3.51, 7.6, 0.462, -0.026
201569, Eric Gordon, 1610612745, HOU, G, 29.0, 69, 69, 1.0, 3.06, 7.57, 0.404, -0.045
101123, Gerald Green, 1610612745, HOU, G-F, 32.0, 40, 40, 1.0, 3.7, 7.55, 0.49, 0.044
203924, Jerami Grant, 1610612760, OKC, F, 24.0, 80, 80, 1.0, 3.29, 7.54, 0.436, -0.03
203112, Quincy Acy, 1610612751, BKN, F, 27.0, 67, 67, 1.0, 3.63, 7.52, 0.482, 0.007
1626170, Jerian Grant, 1610612741, CHI, G, 25.0, 72, 72, 1.0, 3.33, 7.51, 0.444, -0.006
1626156, D'Angelo Russell, 1610612751, BKN, G, 22.0, 48, 48, 1.0, 3.77, 7.5, 0.503, 0.054
1626166, Cameron Payne, 1610612741, CHI, G, 23.0, 25, 25, 1.0, 3.12, 7.48, 0.417, -0.015
1628436, Luke Kornet, 1610612752, NYK, F-C, 22.0, 20, 20, 1.0, 3.8, 7.45, 0.51, 0.023
202695, Kawhi Leonard, 1610612759, SAS, F, 27.0, 9, 9, 1.0, 2.89, 7.44, 0.388, -0.065
203903, Jordan Clarkson, 1610612739, CLE, G, 26.0, 80, 80, 1.0, 3.48, 7.44, 0.467, 0.025
203710, C.J. Williams, 1610612746, LAC, F-G, 28.0, 36, 36, 1.0, 3.28, 7.42, 0.442, -0.009
201585, Kosta Koufos, 1610612758, SAC, C, 29.0, 71, 71, 1.0, 3.51, 7.39, 0.474, -0.014
101161, Amir Johnson, 1610612755, PHI, C-F, 31.0, 74, 74, 1.0, 3.3, 7.34, 0.449, -0.026
201942, DeMar DeRozan, 1610612761, TOR, G, 28.0, 80, 80, 1.0, 3.26, 7.31, 0.446, -0.009
2738, Andre Iguodala, 1610612744, GSW, F-G, 34.0, 64, 64, 1.0, 2.98, 7.28, 0.41, -0.039
2207, Joe Johnson, 1610612745, HOU, G-F, 37.0, 55, 55, 1.0, 3.11, 7.24, 0.43, -0.026
1626143, Jahlil Okafor, 1610612751, BKN, C, 22.0, 27, 27, 1.0, 3.63, 7.22, 0.503, 0.018
1628365, Markelle Fultz, 1610612755, PHI, G, 20.0, 14, 14, 1.0, 3.0, 7.21, 0.416, -0.022
200765, Rajon Rondo, 1610612740, NOP, G, 32.0, 64, 64, 1.0, 3.48, 7.2, 0.484, 0.039
203918, Rodney Hood, 1610612739, CLE, G, 25.0, 60, 60, 1.0, 3.68, 7.18, 0.513, 0.058
1627755, Tyler Ulis, 1610612756, PHX, G, 22.0, 70, 70, 1.0, 3.34, 7.16, 0.467, 0.023
1626158, Richaun Holmes, 1610612755, PHI, F-C, 24.0, 46, 46, 1.0, 3.22, 7.15, 0.45, -0.022
202720, Jon Leuer, 1610612765, DET, F-C, 29.0, 8, 8, 1.0, 4.25, 7.13, 0.596, 0.119
1626188, Quinn Cook, 1610612744, GSW, G, 25.0, 29, 29, 1.0, 3.38, 7.1, 0.476, 0.04
1627827, Dorian Finney-Smith, 1610612742, DAL, F, 25.0, 20, 20, 1.0, 3.3, 7.1, 0.465, 0.015
203894, Shabazz Napier, 1610612757, POR, G, 26.0, 72, 72, 1.0, 3.1, 7.08, 0.437, -0.001
2561, David West, 1610612744, GSW, F, 37.0, 73, 73, 1.0, 2.93, 7.07, 0.415, -0.054
1627982, Josh Gray, 1610612756, PHX, G, 24.0, 5, 5, 1.0, 4.2, 7.0, 0.6, 0.14
203090, Maurice Harkless, 1610612757, POR, F, 25.0, 58, 58, 1.0, 2.93, 7.0, 0.419, -0.035
201578, Marreese Speights, 1610612753, ORL, F-C, 30.0, 48, 48, 1.0, 3.23, 6.98, 0.463, -0.009
1628389, Bam Adebayo, 1610612748, MIA, C-F, 20.0, 67, 67, 1.0, 2.94, 6.96, 0.423, -0.055
204456, T.J. McConnell, 1610612755, PHI, G, 26.0, 74, 74, 1.0, 2.72, 6.96, 0.39, -0.049
201961, Wayne Ellington, 1610612748, MIA, G, 30.0, 75, 75, 1.0, 3.2, 6.95, 0.461, 0.014
203943, Noah Vonleh, 1610612741, CHI, F, 22.0, 51, 51, 1.0, 3.37, 6.94, 0.486, 0.02
202714, Shelvin Mack, 1610612753, ORL, G, 28.0, 66, 66, 1.0, 3.33, 6.92, 0.481, 0.048
1628455, Mike James, 1610612740, NOP, G, 27.0, 35, 35, 1.0, 2.83, 6.91, 0.409, -0.034
203477, Isaiah Canaan, 1610612756, PHX, G, 27.0, 20, 20, 1.0, 3.05, 6.9, 0.442, -0.01
203516, James Ennis III, 1610612765, DET, F, 27.0, 72, 72, 1.0, 2.9, 6.86, 0.423, -0.033
202337, Luke Babbitt, 1610612748, MIA, F, 29.0, 47, 47, 1.0, 3.38, 6.85, 0.494, 0.048
1628380, Zach Collins, 1610612757, POR, C-F, 20.0, 62, 62, 1.0, 2.97, 6.79, 0.437, -0.018
1627885, Shaquille Harrison, 1610612756, PHX, G, 24.0, 22, 22, 1.0, 2.91, 6.77, 0.43, -0.02
2749, Jameer Nelson, 1610612765, DET, G, 36.0, 48, 48, 1.0, 3.02, 6.77, 0.446, 0.005
202344, Trevor Booker, 1610612754, IND, F, 30.0, 67, 67, 1.0, 2.96, 6.76, 0.437, -0.025
203584, Troy Daniels, 1610612756, PHX, G, 26.0, 78, 78, 1.0, 3.21, 6.71, 0.478, 0.034
202702, Kenneth Faried, 1610612743, DEN, F, 28.0, 31, 31, 1.0, 3.45, 6.68, 0.517, 0.051
1628414, Sindarius Thornwell, 1610612746, LAC, G, 23.0, 65, 65, 1.0, 2.91, 6.68, 0.435, -0.017
203469, Cody Zeller, 1610612766, CHA, C-F, 25.0, 33, 33, 1.0, 2.88, 6.67, 0.432, -0.04
1628503, Jamel Artis, 1610612753, ORL, G, 25.0, 12, 12, 1.0, 3.25, 6.67, 0.488, 0.051
203504, Trey Burke, 1610612752, NYK, G, 25.0, 35, 35, 1.0, 2.77, 6.63, 0.418, -0.021
202697, Iman Shumpert, 1610612758, SAC, G, 28.0, 14, 14, 1.0, 3.36, 6.57, 0.511, 0.058
1626153, Delon Wright, 1610612761, TOR, G, 26.0, 67, 67, 1.0, 2.81, 6.57, 0.427, -0.013
202327, Ekpe Udoh, 1610612762, UTA, C-F, 31.0, 61, 61, 1.0, 2.82, 6.57, 0.429, -0.036
1627988, Myke Henry, 1610612763, MEM, F, 25.0, 20, 20, 1.0, 3.2, 6.55, 0.489, 0.031
101112, Channing Frye, 1610612747, LAL, F, 35.0, 51, 51, 1.0, 3.37, 6.53, 0.517, 0.052
204037, Travis Wear, 1610612747, LAL, F, 27.0, 15, 15, 1.0, 2.6, 6.53, 0.398, -0.061
1628470, Torrey Craig, 1610612743, DEN, G-F, 27.0, 39, 39, 1.0, 2.85, 6.51, 0.437, -0.016
1628416, Tyler Dorsey, 1610612737, ATL, G, 22.0, 50, 50, 1.0, 3.12, 6.5, 0.48, 0.034
201571, D.J. Augustin, 1610612753, ORL, G, 30.0, 74, 74, 1.0, 3.0, 6.49, 0.463, 0.026
203926, Doug McDermott, 1610612742, DAL, F, 26.0, 78, 78, 1.0, 2.72, 6.46, 0.421, -0.024
1628379, Luke Kennard, 1610612765, DET, G, 22.0, 71, 71, 1.0, 3.07, 6.46, 0.475, 0.034
2744, Al Jefferson, 1610612754, IND, C, 33.0, 36, 36, 1.0, 3.31, 6.36, 0.52, 0.038
203463, Ben McLemore, 1610612763, MEM, G, 25.0, 55, 55, 1.0, 3.15, 6.31, 0.499, 0.048
1628469, Antonio Blakeney, 1610612741, CHI, G, 21.0, 16, 16, 1.0, 2.56, 6.31, 0.406, -0.033
1627761, DeAndre' Bembry, 1610612737, ATL, F-G, 23.0, 25, 25, 1.0, 3.12, 6.28, 0.497, 0.052
1627863, Danuel House, 1610612756, PHX, F-G, 25.0, 23, 23, 1.0, 2.74, 6.26, 0.438, -0.018
1626192, Pat Connaughton, 1610612757, POR, G-F, 25.0, 81, 81, 1.0, 2.58, 6.26, 0.412, -0.034
1628382, Justin Jackson, 1610612758, SAC, F, 23.0, 68, 68, 1.0, 2.87, 6.21, 0.462, 0.016
1627738, Deyonta Davis, 1610612763, MEM, C-F, 21.0, 61, 61, 1.0, 3.15, 6.2, 0.508, 0.034
203960, JaKarr Sampson, 1610612758, SAC, F, 25.0, 22, 22, 1.0, 2.5, 6.18, 0.404, -0.062
201596, Mario Chalmers, 1610612763, MEM, G, 32.0, 66, 66, 1.0, 2.67, 6.17, 0.432, -0.013
1628537, Jaylen Morris, 1610612737, ATL, G, 22.0, 6, 6, 1.0, 2.83, 6.17, 0.459, 0.011
203524, Solomon Hill, 1610612740, NOP, F, 27.0, 12, 12, 1.0, 3.08, 6.17, 0.5, 0.036
1627362, Briante Weber, 1610612763, MEM, G, 25.0, 14, 14, 1.0, 3.86, 6.14, 0.628, 0.19
1627854, Bryn Forbes, 1610612759, SAS, G, 24.0, 74, 74, 1.0, 2.74, 6.14, 0.447, 0.004
1628407, Dwayne Bacon, 1610612766, CHA, F, 22.0, 44, 44, 1.0, 2.7, 6.09, 0.444, -0.001
203962, Josh Huestis, 1610612760, OKC, G, 26.0, 60, 60, 1.0, 2.45, 6.05, 0.405, -0.054
1628400, Semi Ojeleye, 1610612738, BOS, F, 23.0, 66, 66, 1.0, 2.58, 6.05, 0.426, -0.026
1627778, Chinanu Onuaku, 1610612745, HOU, C, 21.0, 1, 1, 1.0, 3.0, 6.0, 0.5, 0.051
1628502, Nigel Hayes, 1610612758, SAC, F, 23.0, 6, 6, 1.0, 2.33, 6.0, 0.389, -0.06
204022, Jack Cooley, 1610612758, SAC, C-F, 27.0, 6, 6, 1.0, 2.67, 6.0, 0.444, -0.027
203961, Eric Moreland, 1610612765, DET, F-C, 26.0, 65, 65, 1.0, 2.88, 5.98, 0.481, 0.0
1627832, Fred VanVleet, 1610612761, TOR, G, 24.0, 75, 75, 1.0, 2.63, 5.97, 0.44, -0.001
201565, Derrick Rose, 1610612750, MIN, G, 29.0, 25, 25, 1.0, 3.0, 5.92, 0.507, 0.05
203897, Zach LaVine, 1610612741, CHI, G, 23.0, 24, 24, 1.0, 2.58, 5.83, 0.443, -0.015
1628439, Isaiah Hicks, 1610612752, NYK, F, 23.0, 17, 17, 1.0, 3.0, 5.82, 0.515, 0.056
1628405, Johnathan Motley, 1610612742, DAL, F, 23.0, 10, 10, 1.0, 2.8, 5.8, 0.483, 0.008
1627858, Kyle Collinsworth, 1610612742, DAL, G, 26.0, 29, 29, 1.0, 2.83, 5.76, 0.491, 0.048
1627884, Derrick Jones Jr., 1610612748, MIA, F-G, 21.0, 16, 16, 1.0, 2.56, 5.75, 0.446, -0.009
202335, Patrick Patterson, 1610612760, OKC, F, 29.0, 78, 78, 1.0, 2.73, 5.74, 0.475, 0.008
201580, JaVale McGee, 1610612744, GSW, C, 30.0, 65, 65, 1.0, 2.66, 5.74, 0.464, -0.004
1626220, Royce O'Neale, 1610612762, UTA, F, 25.0, 64, 64, 1.0, 2.34, 5.73, 0.409, -0.039
1626145, Tyus Jones, 1610612750, MIN, G, 22.0, 82, 82, 1.0, 2.68, 5.72, 0.469, 0.032
1713, Vince Carter, 1610612758, SAC, G-F, 41.0, 56, 56, 1.0, 2.59, 5.7, 0.455, -0.001
203118, Mike Scott, 1610612764, WAS, F, 29.0, 76, 76, 1.0, 2.55, 5.68, 0.449, -0.008
1628411, Wes Iwundu, 1610612753, ORL, F, 23.0, 58, 58, 1.0, 2.41, 5.66, 0.427, -0.016
203487, Michael Carter-Williams, 1610612766, CHA, G, 26.0, 52, 52, 1.0, 2.63, 5.62, 0.469, 0.021
203546, Ian Clark, 1610612740, NOP, G, 27.0, 70, 70, 1.0, 2.21, 5.61, 0.394, -0.041
1627855, Okaro White, 1610612739, CLE, F, 25.0, 5, 5, 1.0, 2.6, 5.6, 0.464, 0.006
202498, Lance Thomas, 1610612752, NYK, F, 30.0, 68, 68, 1.0, 2.25, 5.57, 0.404, -0.059
2734, Devin Harris, 1610612743, DEN, G, 35.0, 70, 70, 1.0, 2.53, 5.54, 0.456, 0.007
204025, Tim Frazier, 1610612764, WAS, G, 27.0, 53, 53, 1.0, 2.66, 5.49, 0.485, 0.044
1627936, Alex Caruso, 1610612747, LAL, G, 24.0, 35, 35, 1.0, 2.29, 5.46, 0.419, -0.027
1628393, Jawun Evans, 1610612746, LAC, G, 21.0, 44, 44, 1.0, 2.48, 5.45, 0.454, 0.012
1628463, Tyler Cavanaugh, 1610612737, ATL, F, 24.0, 34, 34, 1.0, 3.03, 5.44, 0.557, 0.087
204028, Tarik Black, 1610612745, HOU, F-C, 26.0, 50, 50, 1.0, 2.3, 5.44, 0.423, -0.041
1626175, Jordan Mickey, 1610612748, MIA, C-F, 23.0, 21, 21, 1.0, 2.67, 5.43, 0.491, 0.004
1627819, Isaiah Taylor, 1610612737, ATL, G, 23.0, 64, 64, 1.0, 2.27, 5.42, 0.418, -0.017
202718, Chandler Parsons, 1610612763, MEM, F, 29.0, 34, 34, 1.0, 2.71, 5.41, 0.5, 0.046
1626203, Treveon Graham, 1610612766, CHA, G-F, 24.0, 59, 59, 1.0, 2.44, 5.36, 0.456, 0.01
1628425, Sterling Brown, 1610612749, MIL, G, 23.0, 52, 52, 1.0, 2.62, 5.35, 0.489, 0.033
202362, Lance Stephenson, 1610612754, IND, G, 27.0, 82, 82, 1.0, 2.55, 5.34, 0.477, 0.03
1627098, Malcolm Delaney, 1610612737, ATL, G, 29.0, 50, 50, 1.0, 2.3, 5.3, 0.434, -0.007
201156, Nick Young, 1610612744, GSW, G-F, 33.0, 80, 80, 1.0, 2.56, 5.2, 0.493, 0.048
203585, Rodney McGruder, 1610612748, MIA, G-F, 26.0, 16, 16, 1.0, 2.44, 5.19, 0.47, 0.039
203922, Glenn Robinson III, 1610612754, IND, G-F, 24.0, 23, 23, 1.0, 2.52, 5.17, 0.487, 0.028
201162, Jared Dudley, 1610612756, PHX, F, 32.0, 47, 47, 1.0, 2.77, 5.15, 0.537, 0.08
1628424, Kobi Simmons, 1610612763, MEM, G, 20.0, 31, 31, 1.0, 2.65, 5.13, 0.516, 0.078
101109, Raymond Felton, 1610612760, OKC, G, 34.0, 80, 80, 1.0, 2.24, 5.11, 0.438, -0.006
2733, Shaun Livingston, 1610612744, GSW, G, 32.0, 69, 69, 1.0, 2.25, 5.1, 0.44, 0.0
1628412, Frank Mason, 1610612758, SAC, G, 24.0, 50, 50, 1.0, 2.28, 5.1, 0.447, 0.009
203186, Willie Reed, 1610612765, DET, C, 28.0, 39, 39, 1.0, 2.26, 5.08, 0.444, -0.037
1627786, Troy Williams, 1610612752, NYK, F, 23.0, 19, 19, 1.0, 2.16, 5.05, 0.427, -0.014
204038, Langston Galloway, 1610612765, DET, G, 26.0, 52, 52, 1.0, 2.33, 5.04, 0.462, 0.017
1627782, Wayne Selden, 1610612763, MEM, G-F, 23.0, 35, 35, 1.0, 2.11, 5.03, 0.42, -0.023
1627775, Patrick McCaw, 1610612744, GSW, G, 22.0, 52, 52, 1.0, 2.33, 4.98, 0.467, 0.019
201147, Corey Brewer, 1610612760, OKC, F, 32.0, 52, 52, 1.0, 2.4, 4.96, 0.484, 0.038
203705, Josh Magette, 1610612737, ATL, G, 28.0, 17, 17, 1.0, 2.41, 4.94, 0.488, 0.062
1627740, Henry Ellenson, 1610612765, DET, F, 21.0, 30, 30, 1.0, 2.47, 4.9, 0.503, 0.043
1628681, Rodney Purvis, 1610612753, ORL, G, 24.0, 14, 14, 1.0, 1.71, 4.86, 0.353, -0.078
202779, Dwight Buycks, 1610612765, DET, G, 29.0, 26, 26, 1.0, 2.0, 4.81, 0.416, -0.022
1627735, Wade Baldwin IV, 1610612757, POR, G, 22.0, 5, 5, 1.0, 2.2, 4.8, 0.458, 0.008
1626147, Justin Anderson, 1610612755, PHI, G-F, 24.0, 33, 33, 1.0, 1.94, 4.79, 0.405, -0.04
201148, Brandan Wright, 1610612745, HOU, F-C, 30.0, 27, 27, 1.0, 2.19, 4.78, 0.457, -0.015
1628401, Derrick White, 1610612759, SAS, G, 23.0, 13, 13, 1.0, 1.69, 4.77, 0.355, -0.073
203948, Johnny O'Bryant III, 1610612766, CHA, F, 25.0, 35, 35, 1.0, 2.83, 4.71, 0.6, 0.119
1627785, Isaiah Whitehead, 1610612751, BKN, G, 23.0, 13, 13, 1.0, 1.62, 4.62, 0.35, -0.092
203499, Shane Larkin, 1610612738, BOS, G, 25.0, 49, 49, 1.0, 2.16, 4.61, 0.469, 0.032
1626210, Alan Williams, 1610612756, PHX, F-C, 25.0, 5, 5, 1.0, 2.6, 4.6, 0.565, 0.069
101139, CJ Miles, 1610612761, TOR, F-G, 31.0, 70, 70, 1.0, 1.89, 4.51, 0.418, -0.028
1628390, Terrance Ferguson, 1610612760, OKC, G, 20.0, 53, 53, 1.0, 2.04, 4.51, 0.452, 0.005
201943, Brandon Jennings, 1610612749, MIL, G, 28.0, 13, 13, 1.0, 2.31, 4.46, 0.517, 0.062
1626155, Sam Dekker, 1610612746, LAC, F, 24.0, 70, 70, 1.0, 2.06, 4.44, 0.463, 0.0
201975, Jodie Meeks, 1610612764, WAS, G, 30.0, 74, 74, 1.0, 2.09, 4.39, 0.477, 0.035
1627758, Ron Baker, 1610612752, NYK, G, 25.0, 25, 25, 1.0, 1.92, 4.36, 0.44, -0.007
1891, Jason Terry, 1610612749, MIL, G, 40.0, 47, 47, 1.0, 2.0, 4.32, 0.463, 0.024
1627883, Jalen Jones, 1610612742, DAL, F, 25.0, 13, 13, 1.0, 2.69, 4.31, 0.625, 0.194
1627780, Gary Payton II, 1610612747, LAL, G, 25.0, 20, 20, 1.0, 2.35, 4.3, 0.547, 0.098
1627744, Brice Johnson, 1610612763, MEM, F, 24.0, 11, 11, 1.0, 1.45, 4.27, 0.34, -0.106
202692, Alec Burks, 1610612762, UTA, G, 26.0, 62, 62, 1.0, 2.16, 4.26, 0.508, 0.063
203900, Markel Brown, 1610612745, HOU, G, 26.0, 4, 4, 1.0, 2.0, 4.25, 0.471, -0.001
202348, Jordan Crawford, 1610612740, NOP, G, 29.0, 4, 4, 1.0, 3.0, 4.25, 0.706, 0.256
2754, Tony Allen, 1610612740, NOP, G-F, 36.0, 21, 21, 1.0, 1.9, 4.24, 0.449, 0.007
1627821, James Webb III, 1610612751, BKN, F, 24.0, 9, 9, 1.0, 2.22, 4.22, 0.526, 0.072
1626181, Norman Powell, 1610612761, TOR, F-G, 25.0, 65, 65, 1.0, 1.88, 4.17, 0.45, 0.003
1628409, Alec Peters, 1610612756, PHX, F, 23.0, 18, 18, 1.0, 1.78, 4.17, 0.427, -0.008
202732, DeAndre Liggins, 1610612740, NOP, G, 30.0, 47, 47, 1.0, 2.17, 4.15, 0.523, 0.077
201160, Jason Smith, 1610612764, WAS, F-C, 32.0, 28, 28, 1.0, 1.68, 4.14, 0.405, -0.038
1628370, Malik Monk, 1610612766, CHA, G, 20.0, 55, 55, 1.0, 2.18, 4.13, 0.529, 0.091
1628443, Kadeem Allen, 1610612738, BOS, G, 25.0, 6, 6, 1.0, 1.83, 4.0, 0.458, 0.019
1628451, Jacob Wiley, 1610612751, BKN, F, 23.0, 3, 3, 1.0, 1.0, 4.0, 0.25, -0.196
1627856, Matt Costello, 1610612759, SAS, F-C, 24.0, 2, 2, 1.0, 2.0, 4.0, 0.5, 0.022
1628421, Devin Robinson, 1610612764, WAS, F, 23.0, 1, 1, 1.0, 2.0, 4.0, 0.5, 0.09
201167, Arron Afflalo, 1610612753, ORL, G, 32.0, 49, 49, 1.0, 1.71, 3.98, 0.431, -0.015
1628422, Damyean Dotson, 1610612752, NYK, G, 24.0, 40, 40, 1.0, 1.73, 3.95, 0.437, -0.017
1626199, Darrun Hilliard, 1610612759, SAS, G, 25.0, 10, 10, 1.0, 2.2, 3.9, 0.564, 0.129
201196, Ramon Sessions, 1610612764, WAS, G, 32.0, 24, 24, 1.0, 1.63, 3.83, 0.424, -0.019
1626259, Malcolm Miller, 1610612761, TOR, F, 25.0, 11, 11, 1.0, 1.55, 3.82, 0.405, -0.038
202933, Julyan Stone, 1610612766, CHA, G, 29.0, 15, 15, 1.0, 1.33, 3.8, 0.351, -0.083
1627850, Marshall Plumlee, 1610612749, MIL, C, 25.0, 5, 5, 1.0, 1.8, 3.8, 0.474, -0.014
203923, James Young, 1610612755, PHI, G-F, 22.0, 5, 5, 1.0, 1.2, 3.8, 0.316, -0.151
1628495, Milton Doyle, 1610612751, BKN, G, 24.0, 9, 9, 1.0, 1.56, 3.78, 0.412, -0.004
203505, Vander Blue, 1610612747, LAL, G, 25.0, 3, 3, 1.0, 1.67, 3.67, 0.455, 0.036
203086, Meyers Leonard, 1610612757, POR, C, 26.0, 27, 27, 1.0, 2.07, 3.67, 0.566, 0.086
203940, Adreian Payne, 1610612753, ORL, F, 27.0, 3, 3, 1.0, 1.67, 3.67, 0.455, 0.021
2037, Jamal Crawford, 1610612750, MIN, G, 38.0, 77, 77, 1.0, 1.83, 3.66, 0.5, 0.06
2210, Richard Jefferson, 1610612743, DEN, F, 38.0, 17, 17, 1.0, 1.88, 3.65, 0.516, 0.064
1628388, TJ Leaf, 1610612754, IND, F, 21.0, 46, 46, 1.0, 1.78, 3.65, 0.488, 0.042
1628432, Davon Reed, 1610612756, PHX, G, 23.0, 21, 21, 1.0, 1.71, 3.62, 0.474, 0.018
203930, Sean Kilpatrick, 1610612741, CHI, G, 28.0, 45, 45, 1.0, 1.87, 3.6, 0.519, 0.082
1628510, Andrew White III, 1610612737, ATL, F, 25.0, 14, 14, 1.0, 1.79, 3.57, 0.5, 0.065
1627853, Ryan Arcidiacono, 1610612741, CHI, G, 24.0, 23, 23, 1.0, 1.43, 3.57, 0.402, -0.012
1626202, Joe Young, 1610612754, IND, G, 26.0, 43, 43, 1.0, 1.47, 3.51, 0.417, -0.01
201589, Darrell Arthur, 1610612743, DEN, F, 30.0, 16, 16, 1.0, 2.06, 3.44, 0.6, 0.11
203485, Lorenzo Brown, 1610612761, TOR, G, 27.0, 12, 12, 1.0, 1.17, 3.42, 0.341, -0.091
1627781, Malachi Richardson, 1610612761, TOR, G, 22.0, 24, 24, 1.0, 1.67, 3.42, 0.488, 0.048
204066, John Holland, 1610612739, CLE, G-F, 29.0, 17, 17, 1.0, 1.71, 3.41, 0.5, 0.054
1626173, Rashad Vaughn, 1610612753, ORL, G, 21.0, 20, 20, 1.0, 1.35, 3.4, 0.397, -0.047
1628476, Derrick Walton Jr., 1610612748, MIA, G, 23.0, 15, 15, 1.0, 1.53, 3.33, 0.46, 0.016
1626177, Dakari Johnson, 1610612760, OKC, C, 22.0, 22, 22, 1.0, 1.32, 3.32, 0.397, -0.068
201166, Aaron Brooks, 1610612750, MIN, G, 33.0, 20, 20, 1.0, 1.65, 3.3, 0.5, 0.051
201149, Joakim Noah, 1610612752, NYK, C, 33.0, 6, 6, 1.0, 1.0, 3.17, 0.316, -0.157
1627745, Damian Jones, 1610612744, GSW, C, 23.0, 13, 13, 1.0, 1.54, 3.15, 0.488, 0.031
203580, Larry Drew II, 1610612740, NOP, G, 28.0, 8, 8, 1.0, 1.38, 3.13, 0.44, 0.007
1628403, Caleb Swanigan, 1610612757, POR, F-C, 21.0, 22, 22, 1.0, 1.41, 3.05, 0.463, 0.007
1627875, Marcus Georges-Hunt, 1610612750, MIN, G, 24.0, 24, 24, 1.0, 1.46, 3.04, 0.479, 0.021
2746, Josh Smith, 1610612740, NOP, F, 32.0, 2, 2, 1.0, 1.5, 3.0, 0.5, 0.01
1628506, London Perrantes, 1610612739, CLE, G, 23.0, 6, 6, 1.0, 1.83, 3.0, 0.611, 0.194
202918, Xavier Silas, 1610612738, BOS, G, 30.0, 1, 1, 1.0, 1.0, 3.0, 0.333, -0.148
1626154, RJ Hunter, 1610612745, HOU, G, 24.0, 4, 4, 1.0, 0.5, 3.0, 0.167, -0.259
1627866, Jameel Warney, 1610612742, DAL, F, 24.0, 3, 3, 1.0, 2.0, 3.0, 0.667, 0.205
1628420, Monte Morris, 1610612743, DEN, G, 23.0, 3, 3, 1.0, 1.0, 3.0, 0.333, -0.086
1627736, Malik Beasley, 1610612743, DEN, G, 21.0, 43, 43, 1.0, 1.4, 3.0, 0.465, 0.017
2570, Kendrick Perkins, 1610612739, CLE, C, 33.0, 1, 1, 1.0, 2.0, 3.0, 0.667, 0.209
204067, Jarell Eddie, 1610612741, CHI, G-F, 26.0, 1, 1, 1.0, 2.0, 3.0, 0.667, 0.222
1626780, Jonathan Gibson, 1610612738, BOS, G, 30.0, 3, 3, 1.0, 1.33, 3.0, 0.444, 0.032
2863, Damien Wilkins, 1610612754, IND, G-F, 38.0, 15, 15, 1.0, 1.13, 2.93, 0.386, -0.055
1628444, Jabari Bird, 1610612738, BOS, G, 23.0, 9, 9, 1.0, 1.22, 2.89, 0.423, 0.005
1628499, Antonius Cleveland, 1610612737, ATL, G, 24.0, 14, 14, 1.0, 1.64, 2.86, 0.575, 0.111
2617, Udonis Haslem, 1610612748, MIA, F, 38.0, 11, 11, 1.0, 1.0, 2.82, 0.355, -0.102
1628391, D.J. Wilson, 1610612749, MIL, F, 22.0, 11, 11, 1.0, 1.64, 2.82, 0.581, 0.122
203498, Shabazz Muhammad, 1610612749, MIL, G-F, 25.0, 37, 37, 1.0, 1.41, 2.81, 0.5, 0.065
1627770, Kay Felder, 1610612765, DET, G, 23.0, 14, 14, 1.0, 0.93, 2.79, 0.333, -0.122
202347, Quincy Pondexter, 1610612741, CHI, G, 30.0, 21, 21, 1.0, 1.19, 2.76, 0.431, 0.002
203949, James Michael McAdoo, 1610612755, PHI, F, 25.0, 3, 3, 1.0, 0.67, 2.67, 0.25, -0.192
1627777, Georges Niang, 1610612762, UTA, F, 25.0, 3, 3, 1.0, 1.33, 2.67, 0.5, 0.059
1627743, Demetrius Jackson, 1610612755, PHI, G, 23.0, 12, 12, 1.0, 1.33, 2.58, 0.516, 0.072
1627816, Alex Poythress, 1610612754, IND, F, 24.0, 14, 14, 1.0, 1.07, 2.5, 0.429, -0.026
1628418, Thomas Bryant, 1610612747, LAL, C, 20.0, 13, 13, 1.0, 1.54, 2.46, 0.625, 0.135
1627215, Walter Lemon Jr., 1610612740, NOP, PG, 25.0, 3, 3, 1.0, 1.0, 2.33, 0.429, -0.016
203481, Jeff Withey, 1610612742, DAL, C, 28.0, 9, 9, 1.0, 0.89, 2.22, 0.4, -0.122
1628387, Ike Anigbogu, 1610612754, IND, C-F, 19.0, 9, 9, 1.0, 1.33, 2.22, 0.6, 0.16
1626191, Chris McCullough, 1610612764, WAS, F, 23.0, 14, 14, 1.0, 0.79, 2.21, 0.355, -0.072
1627774, Jake Layman, 1610612757, POR, F, 24.0, 19, 19, 1.0, 1.11, 2.16, 0.512, 0.056
201628, Bobby Brown, 1610612745, HOU, G, 33.0, 13, 13, 1.0, 1.08, 2.15, 0.5, 0.106
1628396, Tony Bradley, 1610612762, UTA, C, 20.0, 8, 8, 1.0, 1.13, 2.13, 0.529, 0.094
1626205, Vincent Hunter, 1610612763, MEM, F, 23.0, 2, 2, 1.0, 1.0, 2.0, 0.5, 0.053
202379, Jeremy Evans, 1610612737, ATL, F, 30.0, 1, 1, 1.0, 0.0, 2.0, 0.0, -0.313
1628408, PJ Dozier, 1610612760, OKC, G, 21.0, 2, 2, 1.0, 1.0, 2.0, 0.5, 0.022
1628399, Tyler Lydon, 1610612743, DEN, F, 22.0, 1, 1, 1.0, 1.0, 2.0, 0.5, 0.071
1628035, Alfonzo McKinnie, 1610612761, TOR, F, 25.0, 10, 10, 1.0, 0.8, 2.0, 0.4, -0.04
2555, Nick Collison, 1610612760, OKC, F-C, 37.0, 11, 11, 1.0, 0.91, 1.91, 0.476, 0.013
1627772, Daniel Hamilton, 1610612760, OKC, G-F, 22.0, 6, 6, 1.0, 0.83, 1.83, 0.455, 0.042
202713, Kyle Singler, 1610612760, OKC, F, 30.0, 6, 6, 1.0, 0.67, 1.83, 0.364, -0.097
204098, Xavier Munford, 1610612749, MIL, G, 26.0, 4, 4, 1.0, 1.0, 1.75, 0.571, 0.163
204065, David Stockton, 1610612762, UTA, G, 27.0, 3, 3, 1.0, 1.0, 1.67, 0.6, 0.156
1628429, Charles Cooke, 1610612740, NOP, G, 23.0, 7, 7, 1.0, 0.57, 1.57, 0.364, -0.061
201177, Josh McRoberts, 1610612742, DAL, F-C, 31.0, 2, 2, 1.0, 1.0, 1.5, 0.667, 0.272
1627779, Marcus Paige, 1610612766, CHA, G, 24.0, 4, 4, 1.0, 0.5, 1.5, 0.333, -0.07
1626643, Jacob Pullen, 1610612755, PHI, G, 28.0, 2, 2, 1.0, 0.5, 1.5, 0.333, -0.077
202332, Cole Aldrich, 1610612750, MIN, C, 29.0, 12, 12, 1.0, 0.92, 1.5, 0.611, 0.157
1627817, Tim Quarterman, 1610612745, HOU, G, 23.0, 3, 3, 1.0, 0.67, 1.33, 0.5, 0.088
1628410, Edmond Sumner, 1610612754, IND, G, 22.0, 1, 1, 1.0, 1.0, 1.0, 1.0, 0.64
1628475, Matt Williams Jr., 1610612748, MIA, G, 24.0, 2, 2, 1.0, 0.0, 1.0, 0.0, -0.448
203687, Reggie Hearn, 1610612765, DET, G, 26.0, 2, 2, 1.0, 0.0, 1.0, 0.0, -0.401
202682, Derrick Williams, 1610612747, LAL, F, 27.0, 1, 1, 1.0, 0.0, 1.0, 0.0, -0.508
1628571, Erik McCree, 1610612762, UTA, F, 24.0, 1, 1, 1.0, 1.0, 1.0, 1.0, 0.554
202330, Gordon Hayward, 1610612738, BOS, F, 28.0, 1, 1, 1.0, 1.0, 1.0, 1.0, 0.547
1628500, Ben Moore, 1610612754, IND, F, 23.0, 2, 2, 1.0, 0.5, 1.0, 0.5, 0.105
1626148, Anthony Brown, 1610612750, MIN, F-G, 25.0, 1, 1, 1.0, 1.0, 1.0, 1.0, 0.581
